{
  "displayName": "CA102-Admins-IdentityProtection-AllApps-AnyPlatform-CombinedRegistration",
  "grantControls": {
    "authenticationStrength": null,
    "authenticationStrength@odata.context": "https://graph.microsoft.com/v1.0/$metadata#identity/conditionalAccess/policies('1a34a269-826c-4ae5-aae2-eba2b8a2cf7e')/grantControls/authenticationStrength/$entity",
    "builtInControls": [
      "compliantDevice",
      "domainJoinedDevice"
    ],
    "customAuthenticationFactors": [],
    "termsOfUse": [],
    "operator": "OR"
  },
  "templateId": null,
  "conditions": {
    "signInRiskLevels": [],
    "clientAppTypes": [
      "all"
    ],
    "userRiskLevels": [],
    "devices": null,
    "platforms": null,
    "clientApplications": null,
    "applications": {
      "excludeApplications": [],
      "applicationFilter": null,
      "includeApplications": [],
      "includeAuthenticationContextClassReferences": [],
      "includeUserActions": [
        "urn:user:registersecurityinfo"
      ]
    },
    "locations": null,
    "users": {
      "excludeGroups": [
        "ee2bdc01-80c2-4e28-9882-858bcfa005bf",
        "14ee818d-85f3-4227-ad53-fab87b5787c7"
      ],
      "excludeRoles": [],
      "includeGuestsOrExternalUsers": null,
      "includeUsers": [],
      "includeRoles": [],
      "excludeUsers": [],
      "excludeGuestsOrExternalUsers": null,
      "includeGroups": [
        "2bda5037-6b74-4892-b5ab-5b8b1c20cfed"
      ]
    },
    "servicePrincipalRiskLevels": []
  },
  "sessionControls": null,
  "state": "disabled"
}
