{
  "displayName": "CA108-Admins-DataProtection-AllApps-AnyPlatform-SessionPolicy",
  "grantControls": null,
  "templateId": null,
  "conditions": {
    "signInRiskLevels": [],
    "clientAppTypes": [
      "all"
    ],
    "userRiskLevels": [],
    "devices": {
      "deviceFilter": {
        "mode": "exclude",
        "rule": "device.extensionAttribute1 -eq \"CONTOSO-IT\""
      }
    },
    "platforms": null,
    "clientApplications": null,
    "applications": {
      "excludeApplications": [],
      "applicationFilter": null,
      "includeApplications": [
        "All"
      ],
      "includeAuthenticationContextClassReferences": [],
      "includeUserActions": []
    },
    "locations": null,
    "users": {
      "excludeGroups": [
        "ee2bdc01-80c2-4e28-9882-858bcfa005bf",
        "14ee818d-85f3-4227-ad53-fab87b5787c7"
      ],
      "excludeRoles": [],
      "includeGuestsOrExternalUsers": null,
      "includeUsers": [],
      "includeRoles": [],
      "excludeUsers": [],
      "excludeGuestsOrExternalUsers": null,
      "includeGroups": [
        "2bda5037-6b74-4892-b5ab-5b8b1c20cfed"
      ]
    },
    "servicePrincipalRiskLevels": []
  },
  "sessionControls": {
    "persistentBrowser": {
      "mode": "never",
      "isEnabled": true
    },
    "disableResilienceDefaults": null,
    "applicationEnforcedRestrictions": null,
    "cloudAppSecurity": null,
    "signInFrequency": {
      "value": 1,
      "isEnabled": true,
      "type": "hours",
      "frequencyInterval": "timeBased",
      "authenticationType": "primaryAndSecondaryAuthentication"
    }
  },
  "state": "disabled"
}
