{
  "displayName": "CA107-Admins-DataandAppProtection-AllApps-iOSorAndroid-AppProtectionPolicy",
  "grantControls": {
    "authenticationStrength": null,
    "authenticationStrength@odata.context": "https://graph.microsoft.com/v1.0/$metadata#identity/conditionalAccess/policies('3d67de15-cb54-4fd7-a067-6784968aaef8')/grantControls/authenticationStrength/$entity",
    "builtInControls": [
      "compliantApplication"
    ],
    "customAuthenticationFactors": [],
    "termsOfUse": [],
    "operator": "OR"
  },
  "templateId": null,
  "conditions": {
    "signInRiskLevels": [],
    "clientAppTypes": [
      "all"
    ],
    "userRiskLevels": [],
    "devices": null,
    "platforms": {
      "excludePlatforms": [],
      "includePlatforms": [
        "android",
        "iOS"
      ]
    },
    "clientApplications": null,
    "applications": {
      "excludeApplications": [
        "d4ebce55-015a-49b5-a083-c84d1797ae8c"
      ],
      "applicationFilter": null,
      "includeApplications": [
        "All"
      ],
      "includeAuthenticationContextClassReferences": [],
      "includeUserActions": []
    },
    "locations": null,
    "users": {
      "excludeGroups": [
        "ee2bdc01-80c2-4e28-9882-858bcfa005bf",
        "14ee818d-85f3-4227-ad53-fab87b5787c7"
      ],
      "excludeRoles": [],
      "includeGuestsOrExternalUsers": null,
      "includeUsers": [],
      "includeRoles": [],
      "excludeUsers": [],
      "excludeGuestsOrExternalUsers": null,
      "includeGroups": [
        "2bda5037-6b74-4892-b5ab-5b8b1c20cfed"
      ]
    },
    "servicePrincipalRiskLevels": []
  },
  "sessionControls": null,
  "state": "disabled"
}
