{
  "displayName": "CA207-Internals-AttackSurfaceReduction-AllApps-AnyPlatform-BlockUnknownPlatforms",
  "grantControls": {
    "authenticationStrength": null,
    "authenticationStrength@odata.context": "https://graph.microsoft.com/v1.0/$metadata#identity/conditionalAccess/policies('57b30f31-ac07-46f8-ac21-16a4ecff2f4f')/grantControls/authenticationStrength/$entity",
    "builtInControls": [
      "block"
    ],
    "customAuthenticationFactors": [],
    "termsOfUse": [],
    "operator": "OR"
  },
  "templateId": null,
  "conditions": {
    "signInRiskLevels": [],
    "clientAppTypes": [
      "all"
    ],
    "userRiskLevels": [],
    "devices": null,
    "platforms": {
      "excludePlatforms": [
        "android",
        "iOS",
        "windows",
        "macOS"
      ],
      "includePlatforms": [
        "all"
      ]
    },
    "clientApplications": null,
    "applications": {
      "excludeApplications": [],
      "applicationFilter": null,
      "includeApplications": [
        "All"
      ],
      "includeAuthenticationContextClassReferences": [],
      "includeUserActions": []
    },
    "locations": null,
    "users": {
      "excludeGroups": [
        "ee2bdc01-80c2-4e28-9882-858bcfa005bf",
        "451cabbb-7455-4cf2-9d69-27463ef371c4"
      ],
      "excludeRoles": [],
      "includeGuestsOrExternalUsers": null,
      "includeUsers": [],
      "includeRoles": [],
      "excludeUsers": [],
      "excludeGuestsOrExternalUsers": null,
      "includeGroups": [
        "b86af40e-e4f0-4e83-a2bb-ef5321269384"
      ]
    },
    "servicePrincipalRiskLevels": []
  },
  "sessionControls": null,
  "state": "disabled"
}
