{
  "displayName": "CA206-Internals-DataandAppProtection-AllApps-iOSorAndroid-AppProtectionPolicy",
  "grantControls": {
    "authenticationStrength": null,
    "authenticationStrength@odata.context": "https://graph.microsoft.com/v1.0/$metadata#identity/conditionalAccess/policies('31ba562f-c485-43a6-8b06-905872c01ccf')/grantControls/authenticationStrength/$entity",
    "builtInControls": [
      "compliantApplication"
    ],
    "customAuthenticationFactors": [],
    "termsOfUse": [],
    "operator": "OR"
  },
  "templateId": null,
  "conditions": {
    "signInRiskLevels": [],
    "clientAppTypes": [
      "all"
    ],
    "userRiskLevels": [],
    "devices": null,
    "platforms": {
      "excludePlatforms": [],
      "includePlatforms": [
        "android",
        "iOS"
      ]
    },
    "clientApplications": null,
    "applications": {
      "excludeApplications": [
        "d4ebce55-015a-49b5-a083-c84d1797ae8c"
      ],
      "applicationFilter": null,
      "includeApplications": [
        "Office365"
      ],
      "includeAuthenticationContextClassReferences": [],
      "includeUserActions": []
    },
    "locations": null,
    "users": {
      "excludeGroups": [
        "ee2bdc01-80c2-4e28-9882-858bcfa005bf",
        "451cabbb-7455-4cf2-9d69-27463ef371c4"
      ],
      "excludeRoles": [],
      "includeGuestsOrExternalUsers": null,
      "includeUsers": [],
      "includeRoles": [],
      "excludeUsers": [],
      "excludeGuestsOrExternalUsers": null,
      "includeGroups": [
        "b86af40e-e4f0-4e83-a2bb-ef5321269384"
      ]
    },
    "servicePrincipalRiskLevels": []
  },
  "sessionControls": null,
  "state": "disabled"
}
