{
  "displayName": "CA402-Guests-IdentityProtection-AllApps-AnyPlatform-MFAforMediumandHighSignInRisk",
  "grantControls": {
    "authenticationStrength": null,
    "authenticationStrength@odata.context": "https://graph.microsoft.com/v1.0/$metadata#identity/conditionalAccess/policies('c5d4d9b2-bcac-4877-a92c-eebb8502494c')/grantControls/authenticationStrength/$entity",
    "builtInControls": [
      "mfa"
    ],
    "customAuthenticationFactors": [],
    "termsOfUse": [],
    "operator": "OR"
  },
  "templateId": null,
  "conditions": {
    "signInRiskLevels": [
      "high",
      "medium"
    ],
    "clientAppTypes": [
      "all"
    ],
    "userRiskLevels": [],
    "devices": null,
    "platforms": null,
    "clientApplications": null,
    "applications": {
      "excludeApplications": [],
      "applicationFilter": null,
      "includeApplications": [
        "All"
      ],
      "includeAuthenticationContextClassReferences": [],
      "includeUserActions": []
    },
    "locations": null,
    "users": {
      "excludeGroups": [
        "ee2bdc01-80c2-4e28-9882-858bcfa005bf",
        "12f31775-9375-4003-8e66-3052e972f99d"
      ],
      "excludeRoles": [],
      "includeGuestsOrExternalUsers": {
        "guestOrExternalUserTypes": "b2bCollaborationGuest,serviceProvider",
        "externalTenants": {
          "@odata.type": "#microsoft.graph.conditionalAccessAllExternalTenants",
          "membershipKind": "all"
        }
      },
      "includeUsers": [],
      "includeRoles": [],
      "excludeUsers": [],
      "excludeGuestsOrExternalUsers": null,
      "includeGroups": []
    },
    "servicePrincipalRiskLevels": []
  },
  "sessionControls": null,
  "state": "disabled"
}
