{
  "displayName": "CA601-Microsoft365ServiceAccounts-IdentityProtection-AllApps-AnyPlatform-BlockLegacyAuth",
  "grantControls": {
    "authenticationStrength": null,
    "authenticationStrength@odata.context": "https://graph.microsoft.com/v1.0/$metadata#identity/conditionalAccess/policies('f98f6f0e-afde-4860-be10-00b94ec81f4f')/grantControls/authenticationStrength/$entity",
    "builtInControls": [
      "block"
    ],
    "customAuthenticationFactors": [],
    "termsOfUse": [],
    "operator": "OR"
  },
  "templateId": null,
  "conditions": {
    "signInRiskLevels": [],
    "clientAppTypes": [
      "exchangeActiveSync",
      "other"
    ],
    "userRiskLevels": [],
    "devices": null,
    "platforms": null,
    "clientApplications": null,
    "applications": {
      "excludeApplications": [],
      "applicationFilter": null,
      "includeApplications": [
        "All"
      ],
      "includeAuthenticationContextClassReferences": [],
      "includeUserActions": []
    },
    "locations": null,
    "users": {
      "excludeGroups": [
        "ee2bdc01-80c2-4e28-9882-858bcfa005bf",
        "a062be05-f4d4-46ad-826f-fd83f00bb702"
      ],
      "excludeRoles": [],
      "includeGuestsOrExternalUsers": null,
      "includeUsers": [],
      "includeRoles": [],
      "excludeUsers": [],
      "excludeGuestsOrExternalUsers": null,
      "includeGroups": [
        "ff9425a4-9987-4f55-a560-2d214e7e234e"
      ]
    },
    "servicePrincipalRiskLevels": []
  },
  "sessionControls": null,
  "state": "disabled"
}
