{
  "displayName": "CA701-AzureServiceAccounts-IdentityProtection-AllApps-AnyPlatform-BlockLegacyAuth",
  "grantControls": {
    "authenticationStrength": null,
    "authenticationStrength@odata.context": "https://graph.microsoft.com/v1.0/$metadata#identity/conditionalAccess/policies('705e73fc-d8d8-4f8d-80a2-f9e416e9de0d')/grantControls/authenticationStrength/$entity",
    "builtInControls": [
      "block"
    ],
    "customAuthenticationFactors": [],
    "termsOfUse": [],
    "operator": "OR"
  },
  "templateId": null,
  "conditions": {
    "signInRiskLevels": [],
    "clientAppTypes": [
      "exchangeActiveSync",
      "other"
    ],
    "userRiskLevels": [],
    "devices": null,
    "platforms": null,
    "clientApplications": null,
    "applications": {
      "excludeApplications": [],
      "applicationFilter": null,
      "includeApplications": [
        "All"
      ],
      "includeAuthenticationContextClassReferences": [],
      "includeUserActions": []
    },
    "locations": null,
    "users": {
      "excludeGroups": [
        "ee2bdc01-80c2-4e28-9882-858bcfa005bf",
        "cd29b75b-8b25-4374-a46d-fc745e522dee"
      ],
      "excludeRoles": [],
      "includeGuestsOrExternalUsers": null,
      "includeUsers": [],
      "includeRoles": [],
      "excludeUsers": [],
      "excludeGuestsOrExternalUsers": null,
      "includeGroups": [
        "3ac3875d-8457-422b-9097-8b76ae7bf75c"
      ]
    },
    "servicePrincipalRiskLevels": []
  },
  "sessionControls": null,
  "state": "disabled"
}
