{
  "displayName": "CA802-OnPremServicesAccounts-AttackSurfaceReduction-AnyPlatform-BlockNonServiceAccountAppAccess",
  "grantControls": {
    "authenticationStrength": null,
    "authenticationStrength@odata.context": "https://graph.microsoft.com/v1.0/$metadata#identity/conditionalAccess/policies('35168679-cb06-438b-8fd4-1cd87025b402')/grantControls/authenticationStrength/$entity",
    "builtInControls": [
      "block"
    ],
    "customAuthenticationFactors": [],
    "termsOfUse": [],
    "operator": "OR"
  },
  "templateId": null,
  "conditions": {
    "signInRiskLevels": [],
    "clientAppTypes": [
      "all"
    ],
    "userRiskLevels": [],
    "devices": null,
    "platforms": null,
    "clientApplications": null,
    "applications": {
      "excludeApplications": [
        "Office365"
      ],
      "applicationFilter": null,
      "includeApplications": [
        "MicrosoftAdminPortals"
      ],
      "includeAuthenticationContextClassReferences": [],
      "includeUserActions": []
    },
    "locations": null,
    "users": {
      "excludeGroups": [
        "ee2bdc01-80c2-4e28-9882-858bcfa005bf"
      ],
      "excludeRoles": [],
      "includeGuestsOrExternalUsers": null,
      "includeUsers": [],
      "includeRoles": [],
      "excludeUsers": [],
      "excludeGuestsOrExternalUsers": null,
      "includeGroups": [
        "ed9b541b-a2bc-4972-9533-7d31148f2345"
      ]
    },
    "servicePrincipalRiskLevels": []
  },
  "sessionControls": null,
  "state": "disabled"
}
